,Image,Label
0,Image (1).jpeg,House image
1,Image (1).jpg,House image
2,Image (1).png,House image
3,Image (10).jpeg,House image
4,Image (10).jpg,House image
5,Image (10).png,House image
6,Image (100).jpg,Not_House image
7,Image (101).jpg,House image
8,Image (102).jpg,House image
9,Image (103).jpg,House image
10,Image (104).jpg,Not_House image
11,Image (105).jpg,Not_House image
12,Image (106).jpg,House image
13,Image (107).jpg,Not_House image
14,Image (108).jpg,House image
15,Image (109).jpg,Not_House image
16,Image (11).jpeg,House image
17,Image (11).jpg,House image
18,Image (11).png,Not_House image
19,Image (110).jpg,Not_House image
20,Image (111).jpg,House image
21,Image (112).jpg,Not_House image
22,Image (113).jpg,House image
23,Image (114).jpg,Not_House image
24,Image (115).jpg,Not_House image
25,Image (116).jpg,House image
26,Image (117).jpg,House image
27,Image (118).jpg,House image
28,Image (119).jpg,Not_House image
29,Image (12).jpeg,House image
30,Image (12).jpg,Not_House image
31,Image (12).png,House image
32,Image (120).jpg,House image
33,Image (121).jpg,House image
34,Image (122).jpg,House image
35,Image (123).jpg,Not_House image
36,Image (124).jpg,House image
37,Image (125).jpg,Not_House image
38,Image (126).jpg,Not_House image
39,Image (127).jpg,Not_House image
40,Image (128).jpg,House image
41,Image (129).jpg,Not_House image
42,Image (13).jpeg,House image
43,Image (13).jpg,Not_House image
44,Image (13).png,Not_House image
45,Image (130).jpg,Not_House image
46,Image (131).jpg,House image
47,Image (132).jpg,House image
48,Image (133).jpg,House image
49,Image (134).jpg,House image
50,Image (135).jpg,House image
51,Image (136).jpg,Not_House image
52,Image (137).jpg,Not_House image
53,Image (138).jpg,House image
54,Image (139).jpg,House image
55,Image (14).jpeg,House image
56,Image (14).jpg,Not_House image
57,Image (14).png,Not_House image
58,Image (140).jpg,Not_House image
59,Image (141).jpg,House image
60,Image (142).jpg,House image
61,Image (143).jpg,Not_House image
62,Image (144).jpg,Not_House image
63,Image (145).jpg,House image
64,Image (146).jpg,House image
65,Image (147).jpg,Not_House image
66,Image (148).jpg,House image
67,Image (149).jpg,Not_House image
68,Image (15).jpeg,House image
69,Image (15).jpg,Not_House image
70,Image (15).png,Not_House image
71,Image (150).jpg,Not_House image
72,Image (151).jpg,House image
73,Image (152).jpg,House image
74,Image (153).jpg,Not_House image
75,Image (154).jpg,Not_House image
76,Image (155).jpg,Not_House image
77,Image (156).jpg,Not_House image
78,Image (157).jpg,Not_House image
79,Image (158).jpg,House image
80,Image (159).jpg,Not_House image
81,Image (16).jpeg,House image
82,Image (16).jpg,Not_House image
83,Image (16).png,Not_House image
84,Image (160).jpg,House image
85,Image (161).jpg,House image
86,Image (162).jpg,Not_House image
87,Image (163).jpg,Not_House image
88,Image (164).jpg,Not_House image
89,Image (165).jpg,Not_House image
90,Image (166).jpg,House image
91,Image (167).jpg,House image
92,Image (168).jpg,House image
93,Image (169).jpg,Not_House image
94,Image (17).jpeg,House image
95,Image (17).jpg,House image
96,Image (17).png,Not_House image
97,Image (170).jpg,Not_House image
98,Image (171).jpg,Not_House image
99,Image (172).jpg,House image
100,Image (173).jpg,Not_House image
101,Image (174).jpg,Not_House image
102,Image (175).jpg,House image
103,Image (176).jpg,House image
104,Image (177).jpg,House image
105,Image (178).jpg,House image
106,Image (179).jpg,House image
107,Image (18).jpeg,House image
108,Image (18).jpg,Not_House image
109,Image (18).png,Not_House image
110,Image (180).jpg,Not_House image
111,Image (181).jpg,House image
112,Image (182).jpg,House image
113,Image (183).jpg,Not_House image
114,Image (184).jpg,House image
115,Image (185).jpg,Not_House image
116,Image (186).jpg,Not_House image
117,Image (187).jpg,Not_House image
118,Image (188).jpg,House image
119,Image (189).jpg,Not_House image
120,Image (19).jpeg,House image
121,Image (19).jpg,Not_House image
122,Image (19).png,Not_House image
123,Image (190).jpg,House image
124,Image (191).jpg,House image
125,Image (192).jpg,House image
126,Image (193).jpg,House image
127,Image (194).jpg,House image
128,Image (195).jpg,House image
129,Image (196).jpg,House image
130,Image (197).jpg,Not_House image
131,Image (198).jpg,House image
132,Image (199).jpg,Not_House image
133,Image (2).jpeg,House image
134,Image (2).jpg,House image
135,Image (2).png,Not_House image
136,Image (20).jpeg,House image
137,Image (20).jpg,Not_House image
138,Image (20).png,Not_House image
139,Image (200).jpg,Not_House image
140,Image (201).jpg,Not_House image
141,Image (202).jpg,House image
142,Image (203).jpg,Not_House image
143,Image (204).jpg,House image
144,Image (205).jpg,Not_House image
145,Image (206).jpg,House image
146,Image (207).jpg,House image
147,Image (208).jpg,House image
148,Image (209).jpg,Not_House image
149,Image (21).jpeg,House image
150,Image (21).jpg,Not_House image
151,Image (21).png,Not_House image
152,Image (210).jpg,Not_House image
153,Image (211).jpg,House image
154,Image (212).jpg,Not_House image
155,Image (213).jpg,Not_House image
156,Image (214).jpg,Not_House image
157,Image (215).jpg,Not_House image
158,Image (216).jpg,House image
159,Image (217).jpg,Not_House image
160,Image (218).jpg,House image
161,Image (219).jpg,House image
162,Image (22).jpeg,House image
163,Image (22).jpg,Not_House image
164,Image (22).png,House image
165,Image (220).jpg,House image
166,Image (221).jpg,Not_House image
167,Image (222).jpg,Not_House image
168,Image (223).jpg,Not_House image
169,Image (224).jpg,House image
170,Image (225).jpg,House image
171,Image (226).jpg,House image
172,Image (227).jpg,Not_House image
173,Image (228).jpg,House image
174,Image (229).jpg,Not_House image
175,Image (23).jpeg,Not_House image
176,Image (23).jpg,House image
177,Image (23).png,House image
178,Image (230).jpg,Not_House image
179,Image (231).jpg,Not_House image
180,Image (232).jpg,Not_House image
181,Image (233).jpg,Not_House image
182,Image (234).jpg,House image
183,Image (235).jpg,Not_House image
184,Image (236).jpg,House image
185,Image (237).jpg,House image
186,Image (238).jpg,Not_House image
187,Image (239).jpg,House image
188,Image (24).jpeg,Not_House image
189,Image (24).jpg,Not_House image
190,Image (24).png,Not_House image
191,Image (240).jpg,House image
192,Image (241).jpg,Not_House image
193,Image (242).jpg,Not_House image
194,Image (243).jpg,House image
195,Image (244).jpg,House image
196,Image (245).jpg,House image
197,Image (246).jpg,Not_House image
198,Image (247).jpg,House image
199,Image (248).jpg,House image
200,Image (249).jpg,House image
201,Image (25).jpeg,House image
202,Image (25).jpg,House image
203,Image (25).png,Not_House image
204,Image (250).jpg,House image
205,Image (251).jpg,Not_House image
206,Image (252).jpg,Not_House image
207,Image (253).jpg,Not_House image
208,Image (254).jpg,Not_House image
209,Image (255).jpg,House image
210,Image (256).jpg,House image
211,Image (257).jpg,House image
212,Image (258).jpg,Not_House image
213,Image (259).jpg,House image
214,Image (26).jpeg,Not_House image
215,Image (26).jpg,Not_House image
216,Image (260).jpg,Not_House image
217,Image (261).jpg,Not_House image
218,Image (262).jpg,Not_House image
219,Image (263).jpg,House image
220,Image (264).jpg,House image
221,Image (265).jpg,House image
222,Image (266).jpg,House image
223,Image (267).jpg,House image
224,Image (268).jpg,House image
225,Image (269).jpg,House image
226,Image (27).jpg,House image
227,Image (270).jpg,House image
228,Image (271).jpg,House image
229,Image (272).jpg,House image
230,Image (273).jpg,House image
231,Image (274).jpg,House image
232,Image (275).jpg,House image
233,Image (276).jpg,House image
234,Image (277).jpg,House image
235,Image (278).jpg,House image
236,Image (279).jpg,House image
237,Image (28).jpg,House image
238,Image (280).jpg,House image
239,Image (281).jpg,House image
240,Image (282).jpg,House image
241,Image (283).jpg,House image
242,Image (284).jpg,House image
243,Image (285).jpg,House image
244,Image (286).jpg,House image
245,Image (287).jpg,House image
246,Image (288).jpg,House image
247,Image (289).jpg,House image
248,Image (29).jpg,House image
249,Image (290).jpg,House image
250,Image (291).jpg,House image
251,Image (292).jpg,House image
252,Image (293).jpg,House image
253,Image (294).jpg,House image
254,Image (295).jpg,House image
255,Image (296).jpg,House image
256,Image (297).jpg,House image
257,Image (298).jpg,House image
258,Image (299).jpg,House image
259,Image (3).jpeg,House image
260,Image (3).jpg,House image
261,Image (3).png,House image
262,Image (30).jpg,House image
263,Image (300).jpg,Not_House image
264,Image (301).jpg,House image
265,Image (302).jpg,Not_House image
266,Image (303).jpg,House image
267,Image (304).jpg,House image
268,Image (305).jpg,House image
269,Image (306).jpg,Not_House image
270,Image (307).jpg,House image
271,Image (308).jpg,House image
272,Image (309).jpg,House image
273,Image (31).jpg,Not_House image
274,Image (310).jpg,House image
275,Image (311).jpg,House image
276,Image (312).jpg,House image
277,Image (313).jpg,House image
278,Image (314).jpg,Not_House image
279,Image (315).jpg,House image
280,Image (316).jpg,House image
281,Image (317).jpg,House image
282,Image (318).jpg,House image
283,Image (319).jpg,Not_House image
284,Image (32).jpg,House image
285,Image (320).jpg,House image
286,Image (321).jpg,Not_House image
287,Image (322).jpg,Not_House image
288,Image (323).jpg,Not_House image
289,Image (324).jpg,House image
290,Image (325).jpg,Not_House image
291,Image (326).jpg,House image
292,Image (327).jpg,House image
293,Image (328).jpg,Not_House image
294,Image (329).jpg,House image
295,Image (33).jpg,Not_House image
296,Image (330).jpg,Not_House image
297,Image (331).jpg,Not_House image
298,Image (332).jpg,House image
299,Image (333).jpg,House image
300,Image (334).jpg,House image
301,Image (335).jpg,House image
302,Image (336).jpg,House image
303,Image (337).jpg,Not_House image
304,Image (338).jpg,House image
305,Image (339).jpg,Not_House image
306,Image (34).jpg,Not_House image
307,Image (340).jpg,Not_House image
308,Image (341).jpg,Not_House image
309,Image (342).jpg,Not_House image
310,Image (343).jpg,Not_House image
311,Image (344).jpg,Not_House image
312,Image (345).jpg,House image
313,Image (346).jpg,House image
314,Image (347).jpg,Not_House image
315,Image (348).jpg,Not_House image
316,Image (349).jpg,House image
317,Image (35).jpg,House image
318,Image (350).jpg,Not_House image
319,Image (351).jpg,House image
320,Image (352).jpg,House image
321,Image (353).jpg,Not_House image
322,Image (354).jpg,House image
323,Image (355).jpg,Not_House image
324,Image (356).jpg,Not_House image
325,Image (357).jpg,Not_House image
326,Image (358).jpg,House image
327,Image (359).jpg,Not_House image
328,Image (36).jpg,House image
329,Image (360).jpg,Not_House image
330,Image (361).jpg,House image
331,Image (362).jpg,House image
332,Image (363).jpg,Not_House image
333,Image (364).jpg,Not_House image
334,Image (365).jpg,Not_House image
335,Image (366).jpg,House image
336,Image (367).jpg,House image
337,Image (368).jpg,House image
338,Image (369).jpg,House image
339,Image (37).jpg,Not_House image
340,Image (370).jpg,House image
341,Image (371).jpg,Not_House image
342,Image (372).jpg,Not_House image
343,Image (373).jpg,Not_House image
344,Image (374).jpg,Not_House image
345,Image (375).jpg,Not_House image
346,Image (376).jpg,Not_House image
347,Image (377).jpg,House image
348,Image (378).jpg,House image
349,Image (379).jpg,Not_House image
350,Image (38).jpg,House image
351,Image (380).jpg,Not_House image
352,Image (381).jpg,House image
353,Image (382).jpg,Not_House image
354,Image (383).jpg,House image
355,Image (384).jpg,Not_House image
356,Image (385).jpg,House image
357,Image (386).jpg,House image
358,Image (387).jpg,Not_House image
359,Image (388).jpg,Not_House image
360,Image (389).jpg,Not_House image
361,Image (39).jpg,House image
362,Image (390).jpg,House image
363,Image (391).jpg,House image
364,Image (392).jpg,Not_House image
365,Image (393).jpg,House image
366,Image (394).jpg,House image
367,Image (395).jpg,House image
368,Image (396).jpg,Not_House image
369,Image (397).jpg,House image
370,Image (398).jpg,House image
371,Image (399).jpg,House image
372,Image (4).jpeg,Not_House image
373,Image (4).jpg,Not_House image
374,Image (4).png,House image
375,Image (40).jpg,House image
376,Image (400).jpg,Not_House image
377,Image (401).jpg,Not_House image
378,Image (402).jpg,House image
379,Image (403).jpg,Not_House image
380,Image (404).jpg,Not_House image
381,Image (405).jpg,House image
382,Image (406).jpg,Not_House image
383,Image (407).jpg,Not_House image
384,Image (408).jpg,House image
385,Image (409).jpg,Not_House image
386,Image (41).jpg,House image
387,Image (410).jpg,Not_House image
388,Image (411).jpg,Not_House image
389,Image (412).jpg,House image
390,Image (413).jpg,Not_House image
391,Image (414).jpg,Not_House image
392,Image (415).jpg,House image
393,Image (416).jpg,Not_House image
394,Image (417).jpg,House image
395,Image (418).jpg,Not_House image
396,Image (419).jpg,Not_House image
397,Image (42).jpg,Not_House image
398,Image (420).jpg,Not_House image
399,Image (421).jpg,Not_House image
400,Image (422).jpg,Not_House image
401,Image (423).jpg,House image
402,Image (424).jpg,Not_House image
403,Image (425).jpg,Not_House image
404,Image (426).jpg,Not_House image
405,Image (427).jpg,Not_House image
406,Image (428).jpg,Not_House image
407,Image (429).jpg,House image
408,Image (43).jpg,House image
409,Image (430).jpg,House image
410,Image (431).jpg,House image
411,Image (432).jpg,House image
412,Image (433).jpg,Not_House image
413,Image (434).jpg,House image
414,Image (435).jpg,Not_House image
415,Image (436).jpg,Not_House image
416,Image (437).jpg,Not_House image
417,Image (438).jpg,House image
418,Image (439).jpg,House image
419,Image (44).jpg,Not_House image
420,Image (440).jpg,Not_House image
421,Image (441).jpg,House image
422,Image (442).jpg,Not_House image
423,Image (443).jpg,Not_House image
424,Image (444).jpg,House image
425,Image (445).jpg,Not_House image
426,Image (446).jpg,House image
427,Image (447).jpg,Not_House image
428,Image (448).jpg,Not_House image
429,Image (449).jpg,Not_House image
430,Image (45).jpg,House image
431,Image (450).jpg,Not_House image
432,Image (451).jpg,Not_House image
433,Image (452).jpg,House image
434,Image (453).jpg,Not_House image
435,Image (454).jpg,Not_House image
436,Image (455).jpg,Not_House image
437,Image (456).jpg,House image
438,Image (457).jpg,House image
439,Image (458).jpg,Not_House image
440,Image (459).jpg,Not_House image
441,Image (46).jpg,Not_House image
442,Image (460).jpg,Not_House image
443,Image (461).jpg,House image
444,Image (462).jpg,Not_House image
445,Image (463).jpg,Not_House image
446,Image (464).jpg,House image
447,Image (465).jpg,Not_House image
448,Image (466).jpg,Not_House image
449,Image (467).jpg,House image
450,Image (468).jpg,House image
451,Image (469).jpg,Not_House image
452,Image (47).jpg,Not_House image
453,Image (470).jpg,Not_House image
454,Image (471).jpg,Not_House image
455,Image (472).jpg,Not_House image
456,Image (473).jpg,Not_House image
457,Image (474).jpg,House image
458,Image (475).jpg,House image
459,Image (476).jpg,Not_House image
460,Image (477).jpg,House image
461,Image (478).jpg,Not_House image
462,Image (479).jpg,Not_House image
463,Image (48).jpg,Not_House image
464,Image (480).jpg,House image
465,Image (481).jpg,Not_House image
466,Image (482).jpg,Not_House image
467,Image (483).jpg,Not_House image
468,Image (484).jpg,Not_House image
469,Image (485).jpg,Not_House image
470,Image (486).jpg,Not_House image
471,Image (487).jpg,Not_House image
472,Image (488).jpg,House image
473,Image (489).jpg,House image
474,Image (49).jpg,Not_House image
475,Image (490).jpg,House image
476,Image (491).jpg,Not_House image
477,Image (492).jpg,Not_House image
478,Image (493).jpg,House image
479,Image (494).jpg,Not_House image
480,Image (495).jpg,House image
481,Image (496).jpg,House image
482,Image (497).jpg,House image
483,Image (498).jpg,House image
484,Image (499).jpg,Not_House image
485,Image (5).jpeg,Not_House image
486,Image (5).jpg,Not_House image
487,Image (5).png,Not_House image
488,Image (50).jpg,Not_House image
489,Image (500).jpg,House image
490,Image (501).jpg,Not_House image
491,Image (502).jpg,Not_House image
492,Image (503).jpg,House image
493,Image (504).jpg,Not_House image
494,Image (505).jpg,Not_House image
495,Image (506).jpg,Not_House image
496,Image (507).jpg,House image
497,Image (508).jpg,Not_House image
498,Image (509).jpg,Not_House image
499,Image (51).jpg,Not_House image
500,Image (510).jpg,Not_House image
501,Image (511).jpg,Not_House image
502,Image (512).jpg,Not_House image
503,Image (513).jpg,Not_House image
504,Image (514).jpg,Not_House image
505,Image (515).jpg,Not_House image
506,Image (516).jpg,House image
507,Image (517).jpg,Not_House image
508,Image (518).jpg,House image
509,Image (519).jpg,Not_House image
510,Image (52).jpg,Not_House image
511,Image (520).jpg,Not_House image
512,Image (521).jpg,Not_House image
513,Image (522).jpg,House image
514,Image (523).jpg,Not_House image
515,Image (524).jpg,House image
516,Image (525).jpg,House image
517,Image (526).jpg,Not_House image
518,Image (527).jpg,House image
519,Image (528).jpg,Not_House image
520,Image (53).jpg,House image
521,Image (54).jpg,House image
522,Image (55).jpg,House image
523,Image (56).jpg,Not_House image
524,Image (57).jpg,House image
525,Image (58).jpg,Not_House image
526,Image (59).jpg,House image
527,Image (6).jpeg,House image
528,Image (6).jpg,House image
529,Image (6).png,Not_House image
530,Image (60).jpg,House image
531,Image (61).jpg,House image
532,Image (62).jpg,Not_House image
533,Image (63).jpg,House image
534,Image (64).jpg,House image
535,Image (65).jpg,House image
536,Image (66).jpg,House image
537,Image (67).jpg,Not_House image
538,Image (68).jpg,House image
539,Image (69).jpg,Not_House image
540,Image (7).jpeg,House image
541,Image (7).jpg,House image
542,Image (7).png,Not_House image
543,Image (70).jpg,House image
544,Image (71).jpg,House image
545,Image (72).jpg,Not_House image
546,Image (73).jpg,House image
547,Image (74).jpg,House image
548,Image (75).jpg,House image
549,Image (76).jpg,Not_House image
550,Image (77).jpg,Not_House image
551,Image (78).jpg,Not_House image
552,Image (79).jpg,House image
553,Image (8).jpeg,Not_House image
554,Image (8).jpg,House image
555,Image (8).png,House image
556,Image (80).jpg,House image
557,Image (81).jpg,Not_House image
558,Image (82).jpg,Not_House image
559,Image (83).jpg,House image
560,Image (84).jpg,House image
561,Image (85).jpg,House image
562,Image (86).jpg,Not_House image
563,Image (87).jpg,Not_House image
564,Image (88).jpg,Not_House image
565,Image (89).jpg,House image
566,Image (9).jpeg,Not_House image
567,Image (9).jpg,House image
568,Image (9).png,House image
569,Image (90).jpg,Not_House image
570,Image (91).jpg,House image
571,Image (92).jpg,Not_House image
572,Image (93).jpg,
573,Image (94).jpg,
574,Image (95).jpg,
575,Image (96).jpg,
576,Image (97).jpg,
577,Image (98).jpg,
578,Image (99).jpg,
